{"kuteshop_logo":"","kuteshop_main_color":"#ff3366","gmap_api_key":"AIzaSyBPVbWegR0GX_x02UCS0aSNNKsqnx9EwEs","enable_theme_options":"1","kuteshop_theme_lazy_load":"1","kuteshop_enable_popup":"1","kuteshop_poppup_background":"5809","kuteshop_popup_title":"SIGNUP FOR OUR NEWSLETTER & PROMOTIONS","kuteshop_popup_highlight":"<span style=\"font-size: 100px;color: #999999;font-weight: bold;line-height: 88px\">GET<\/span><br>\r\n<span style=\"font-size: 100px;color: #cc3366;font-weight: bold;line-height: 88px\">50% OFF<\/span>","kuteshop_popup_desc":"ON YOUR NEXT PURCHASE","kuteshop_popup_input_placeholder":"Enter your email...","kuteshop_popup_delay_time":"10000","kuteshop_enable_popup_mobile":"1","kuteshop_custom_css":"","kuteshop_custom_js":"","kuteshop_enable_sticky_menu":"1","kuteshop_used_header":"style-01","header_text_box":"","header_phone":"","header_banner":"","header_banner_url":"","header_social":["0","1","2","3","4"],"enable_vertical_menu":"1","block_vertical_menu":["2270","2448","2451","2454","2463","2478","2481"],"vertical_menu_title":"CATEGORIES","vertical_menu_button_all_text":"All Categories","vertical_menu_button_close_text":"Close","vertical_item_visible":"10","kuteshop_footer_options":"2559","sidebar_blog_layout":"left","blog_sidebar":"widget-area","blog_full_content":"","using_placeholder":"","sidebar_single_post_position":"left","single_post_sidebar":"widget-area","kuteshop_single_related":"1","related_ls_items":"3","related_lg_items":"3","related_md_items":"3","related_sm_items":"2","related_xs_items":"1","related_ts_items":"1","enable_shop_banner":"1","woo_shop_banner":"5770,5771","placeholder_rate":"","kuteshop_shop_product_style":"1","product_newness":"300","sidebar_shop_page_position":"left","shop_page_sidebar":"shop-widget-area","shop_page_layout":"grid","product_per_page":"12","kuteshop_woo_bg_items":"4","kuteshop_woo_lg_items":"4","kuteshop_woo_md_items":"4","kuteshop_woo_sm_items":"4","kuteshop_woo_xs_items":"6","kuteshop_woo_ts_items":"12","sidebar_product_position":"left","single_product_sidebar":"product-widget-area","enable_share_product":"1","enable_ajax_product":"1","woo_crosssell_enable":"enable","kuteshop_woo_crosssell_products_title":"You may be interested in...","kuteshop_woo_crosssell_ls_items":"3","kuteshop_woo_crosssell_lg_items":"3","kuteshop_woo_crosssell_md_items":"3","kuteshop_woo_crosssell_sm_items":"2","kuteshop_woo_crosssell_xs_items":"2","kuteshop_woo_crosssell_ts_items":"1","woo_related_enable":"enable","kuteshop_woo_related_products_title":"Related Products","kuteshop_woo_related_ls_items":"3","kuteshop_woo_related_lg_items":"3","kuteshop_woo_related_md_items":"3","kuteshop_woo_related_sm_items":"2","kuteshop_woo_related_xs_items":"2","kuteshop_woo_related_ts_items":"2","woo_upsells_enable":"enable","kuteshop_woo_upsell_products_title":"You may also like\u2026","kuteshop_woo_upsell_ls_items":"3","kuteshop_woo_upsell_lg_items":"3","kuteshop_woo_upsell_md_items":"3","kuteshop_woo_upsell_sm_items":"2","kuteshop_woo_upsell_xs_items":"2","kuteshop_woo_upsell_ts_items":"2","user_all_social":[{"title_social":"Facebook","link_social":"https:\/\/facebook.com","icon_social":"fa fa-facebook"},{"title_social":"Youtube","link_social":"https:\/\/youtube.com","icon_social":"fa fa-youtube"},{"title_social":"Instagram","link_social":"https:\/\/instagram.com","icon_social":"fa fa-instagram"},{"title_social":"Twitter","link_social":"https:\/\/twitter.com","icon_social":"fa fa-twitter"},{"title_social":"Google","link_social":"https:\/\/www.google.com\/","icon_social":"fa fa-google"}],"body_typography":{"font-family":"","backup-font-family":"","font-weight":"normal","font-style":"","subset":"","text-align":"","font-variant":"","text-transform":"","text-decoration":"","font-size":"","line-height":"","letter-spacing":"","word-spacing":"","color":"","type":"","unit":"px"},"multi_widget":"","header_service_box":"","delete_transients":"","update_database":""}